<?xml version="1.0" standalone="no" ?>
<!--
The manifest node contains a unique identifer for this course and the course's version number.
The schema declartions are important to ensure you are delivering valid XML. For the most part
these should remain static. Other schema prefixes are allowed, but can limit interoperabilty.

The XSD files for SCORM 1.2 are not strictly valid and may cause errors in some XML validators.
-->
<manifest identifier="FRED.2.0.singlesco.12" version="1"
         xmlns="http://www.imsproject.org/xsd/imscp_rootv1p1p2"
         xmlns:adlcp="http://www.adlnet.org/xsd/adlcp_rootv1p2"
         xmlns:xsi="http://www.w3.org/2001/XMLSchema-instance"
         xsi:schemaLocation="http://www.imsproject.org/xsd/imscp_rootv1p1p2 imscp_rootv1p1p2.xsd
                             http://www.imsglobal.org/xsd/imsmd_rootv1p2p1 imsmd_rootv1p2p1.xsd
                             http://www.adlnet.org/xsd/adlcp_rootv1p2 adlcp_rootv1p2.xsd">

  <!--
  The metadata node simply declares which SCORM version this course operates under.
  In SCORM 1.2 there isn't a controlled vocabulary for schemaversion, it can be any value
  but a descriptive value is preferred.
  -->
  <metadata>
    <schema>ADL SCORM</schema>
    <schemaversion>1.2</schemaversion>
	<lom xmlns="http://www.imsglobal.org/xsd/imsmd_rootv1p2p1" 
			xmlns:xsi="http://www.w3.org/2001/XMLSchema-instance"
			xsi:schemaLocation="http://www.imsglobal.org/xsd/imsmd_rootv1p2p1 imsmd_rootv1p2p1.xsd">
			<general>
				<title>   
					<langstring xml:lang="x-none">Medical Device Industry Overview</langstring>
				</title> 
				<catalogentry>
					<catalog>HTML Course</catalog>
					<entry>
						<langstring xml:lang="x-none">COURSE_LISTT1</langstring>
					</entry> 
				</catalogentry> 
				<description> 
					<langstring xml:lang="x-none">Welcome to the Medical Device Industry Overview course. This course introduces trends and technological changes that influence the medical device industry and the role of Internet of Things, or IOT in the evolution of this industry.</langstring>
				</description>
				<keyword>
					<langstring xml:lang="x-none"></langstring>
				</keyword>
			</general>
			<lifecycle>
				<version>
					<langstring xml:lang="x-none">1.0</langstring>
				</version>
				<status>
					<source>
						<langstring xml:lang="x-none">LOMv1.0</langstring>
					</source>
					<value>
						<langstring xml:lang="x-none">Final</langstring>
					</value>
				</status>
			</lifecycle>
			<metametadata>
				<metadatascheme>ADL SCORM 1.2</metadatascheme>
			</metametadata>
			<technical>
				<format>text/html</format>
				<location>.</location>
			</technical>
			<educational>
				<typicallearningtime>
					<datetime></datetime>
				</typicallearningtime>
			</educational>
			<rights>
				<cost>
					<source>
						<langstring xml:lang="x-none">LOMv1.0</langstring>
					</source>
					<value>
						<langstring xml:lang="x-none">no</langstring>
					</value>
				</cost>
				<copyrightandotherrestrictions>
					<source>
						<langstring xml:lang="x-none">LOMv1.0</langstring>
					</source>
					<value>
						<langstring xml:lang="x-none">no</langstring>
					</value>
				</copyrightandotherrestrictions>
			</rights>
			<classification>
				<purpose>
					<source>
						<langstring xml:lang="x-none">LOMv1.0</langstring>
					</source>
					<value>
						<langstring xml:lang="x-none">Idea</langstring>
					</value>
				</purpose>
				<description>
					<langstring xml:lang="x-none">Welcome to the Medical Device Industry Overview course. This course introduces trends and technological changes that influence the medical device industry and the role of Internet of Things, or IOT in the evolution of this industry.</langstring>
				</description>
				<keyword>
					<langstring xml:lang="x-none">HTML</langstring>
					<langstring xml:lang="x-none"></langstring>
				</keyword>
			</classification>
		</lom> 
  </metadata>
  <!-- There is just one organization. The organization contains just one item.-->
	
	<organizations default="Upside_FRED_sample">
		<organization identifier="Upside_FRED_sample" structure="hierarchical">		
				<title>Medical Device Industry Overview</title>
				<item identifier="item_1" identifierref="resource_1">
					<title>Medical Device Industry Overview</title>
				</item>
				<!-- <item identifier="item_2" identifierref="resource_2">
					<title>Component maintenance</title>
				</item> -->
		</organization>
	</organizations>
  <!--
  There is just one resource that represents the single SCO that comprises the entirety of this course.
  The href attribute points to the launch URL for the course and all of the files required by the course
  are listed.

    One subtle difference between SCORM 1.2 and SCORM 2004 is the cast of the letter "t" in the
    adlcp:scormtype attribute
    -->
  

<resources>
	<resource identifier="resource_1" type="webcontent" adlcp:scormtype="sco" href="app/index.html">
		<file href="app/index.html"/>
	</resource>
	 <!-- <resource identifier="resource_2" type="webcontent" adlcp:scormtype="sco" href="module2/shell.html">
		<file href="module2/shell.html"/>
	</resource> -->
</resources>
</manifest>
